index	seqName	clade	qc.overallScore	qc.overallStatus	totalSubstitutions	totalDeletions	totalInsertions	totalFrameShifts	totalMissing	totalNonACGTNs	totalAminoacidSubstitutions	totalAminoacidDeletions	totalAminoacidInsertions	totalUnknownAa	alignmentScore	alignmentStart	alignmentEnd	coverage	cdsCoverage	isReverseComplement	substitutions	deletions	insertions	frameShifts	aaSubstitutions	aaDeletions	aaInsertions	privateNucMutations.reversionSubstitutions	privateNucMutations.labeledSubstitutions	privateNucMutations.unlabeledSubstitutions	privateNucMutations.totalReversionSubstitutions	privateNucMutations.totalLabeledSubstitutions	privateNucMutations.totalUnlabeledSubstitutions	privateNucMutations.totalPrivateSubstitutions	privateAaMutations.reversionSubstitutions	privateAaMutations.labeledSubstitutions	privateAaMutations.unlabeledSubstitutions	privateAaMutations.totalReversionSubstitutions	privateAaMutations.totalLabeledSubstitutions	privateAaMutations.totalUnlabeledSubstitutions	privateAaMutations.totalPrivateSubstitutions	missing	founderMuts['clade'].nodeName	founderMuts['clade'].substitutions	founderMuts['clade'].deletions	founderMuts['clade'].aaSubstitutions	founderMuts['clade'].aaDeletions	unknownAaRanges	nonACGTNs	qc.missingData.missingDataThreshold	qc.missingData.score	qc.missingData.status	qc.missingData.totalMissing	qc.mixedSites.mixedSitesThreshold	qc.mixedSites.score	qc.mixedSites.status	qc.mixedSites.totalMixedSites	qc.privateMutations.cutoff	qc.privateMutations.excess	qc.privateMutations.score	qc.privateMutations.status	qc.privateMutations.total	qc.snpClusters.clusteredSNPs	qc.snpClusters.score	qc.snpClusters.status	qc.snpClusters.totalSNPs	qc.frameShifts.frameShifts	qc.frameShifts.totalFrameShifts	qc.frameShifts.frameShiftsIgnored	qc.frameShifts.totalFrameShiftsIgnored	qc.frameShifts.score	qc.frameShifts.status	qc.stopCodons.stopCodons	qc.stopCodons.totalStopCodons	qc.stopCodons.score	qc.stopCodons.status	totalPcrPrimerChanges	pcrPrimerChanges	failedCdses	warnings	errors
0	NC_077806.1 |Mammarenavirus choriomeningitidis																																																																																When processing sequence #0 'NC_077806.1 |Mammarenavirus choriomeningitidis': When calculating seed matches: Unable to align: seed alignment covers 3.32% of the query sequence, which is less than expected 30.00% (configurable using 'min seed cover' CLI flag or dataset property). This is likely due to low quality of the provided sequence, or due to using incorrect reference sequence.
5	NC_078698.1 |Mammarenavirus kwanzaense																																																																																When processing sequence #5 'NC_078698.1 |Mammarenavirus kwanzaense': When calculating seed matches: Unable to align: seed alignment covers 4.99% of the query sequence, which is less than expected 30.00% (configurable using 'min seed cover' CLI flag or dataset property). This is likely due to low quality of the provided sequence, or due to using incorrect reference sequence.
3	NC_078293.1 |Mammarenavirus kitaleense																																																																																When processing sequence #3 'NC_078293.1 |Mammarenavirus kitaleense': When calculating seed matches: Unable to align: seed alignment covers 4.95% of the query sequence, which is less than expected 30.00% (configurable using 'min seed cover' CLI flag or dataset property). This is likely due to low quality of the provided sequence, or due to using incorrect reference sequence.
2	NC_078105.1 |Mammarenavirus alashanense																																																																																When processing sequence #2 'NC_078105.1 |Mammarenavirus alashanense': When calculating seed matches: Unable to align: seed alignment was unable to find any matches that are long enough. Only matches of at least 40 nucleotides long are considered (configurable using 'min match length' CLI flag or dataset property). This is likely due to low quality of the provided sequence, or due to using incorrect reference sequence.
7	NC_055440.1 |Mammarenavirus xapuriense																																																																																When processing sequence #7 'NC_055440.1 |Mammarenavirus xapuriense': When calculating seed matches: Unable to align: seed alignment covers 2.84% of the query sequence, which is less than expected 30.00% (configurable using 'min seed cover' CLI flag or dataset property). This is likely due to low quality of the provided sequence, or due to using incorrect reference sequence.
4	NC_078695.1 |Mammarenavirus bituense																																																																																When processing sequence #4 'NC_078695.1 |Mammarenavirus bituense': When calculating seed matches: Unable to align: seed alignment covers 9.46% of the query sequence, which is less than expected 30.00% (configurable using 'min seed cover' CLI flag or dataset property). This is likely due to low quality of the provided sequence, or due to using incorrect reference sequence.
12	NC_039011.1 |Mammarenavirus cameroonense																																																																																When processing sequence #12 'NC_039011.1 |Mammarenavirus cameroonense': When calculating seed matches: Unable to align: seed alignment covers 6.06% of the query sequence, which is less than expected 30.00% (configurable using 'min seed cover' CLI flag or dataset property). This is likely due to low quality of the provided sequence, or due to using incorrect reference sequence.
13	NC_027136.1 |Mammarenavirus marientalense																																																																																When processing sequence #13 'NC_027136.1 |Mammarenavirus marientalense': When calculating seed matches: Unable to align: seed alignment covers 9.36% of the query sequence, which is less than expected 30.00% (configurable using 'min seed cover' CLI flag or dataset property). This is likely due to low quality of the provided sequence, or due to using incorrect reference sequence.
6	NC_079108.1 |Mammarenavirus dhati-welelense																																																																																When processing sequence #6 'NC_079108.1 |Mammarenavirus dhati-welelense': When calculating seed matches: Unable to align: seed alignment covers 11.61% of the query sequence, which is less than expected 30.00% (configurable using 'min seed cover' CLI flag or dataset property). This is likely due to low quality of the provided sequence, or due to using incorrect reference sequence.
8	NC_040763.1 |Mammarenavirus aporeense																																																																																When processing sequence #8 'NC_040763.1 |Mammarenavirus aporeense': When calculating seed matches: Unable to align: seed alignment covers 2.22% of the query sequence, which is less than expected 30.00% (configurable using 'min seed cover' CLI flag or dataset property). This is likely due to low quality of the provided sequence, or due to using incorrect reference sequence.
11	NC_039010.1 |Mammarenavirus ryukyuense																																																																																When processing sequence #11 'NC_039010.1 |Mammarenavirus ryukyuense': When calculating seed matches: Unable to align: seed alignment covers 7.28% of the query sequence, which is less than expected 30.00% (configurable using 'min seed cover' CLI flag or dataset property). This is likely due to low quality of the provided sequence, or due to using incorrect reference sequence.
10	NC_038366.1 |Mammarenavirus solweziense																																																																																When processing sequence #10 'NC_038366.1 |Mammarenavirus solweziense': When calculating seed matches: Unable to align: seed alignment covers 5.60% of the query sequence, which is less than expected 30.00% (configurable using 'min seed cover' CLI flag or dataset property). This is likely due to low quality of the provided sequence, or due to using incorrect reference sequence.
9	NC_038365.1 |Mammarenavirus loeiense																																																																																When processing sequence #9 'NC_038365.1 |Mammarenavirus loeiense': When calculating seed matches: Unable to align: seed alignment covers 10.02% of the query sequence, which is less than expected 30.00% (configurable using 'min seed cover' CLI flag or dataset property). This is likely due to low quality of the provided sequence, or due to using incorrect reference sequence.
18	NC_018711.1 |Mammarenavirus lunkense																																																																																When processing sequence #18 'NC_018711.1 |Mammarenavirus lunkense': When calculating seed matches: Unable to align: seed alignment was unable to find any matches that are long enough. Only matches of at least 40 nucleotides long are considered (configurable using 'min match length' CLI flag or dataset property). This is likely due to low quality of the provided sequence, or due to using incorrect reference sequence.
15	NC_026247.1 |Mammarenavirus gairoense																																																																																When processing sequence #15 'NC_026247.1 |Mammarenavirus gairoense': When calculating seed matches: Unable to align: seed alignment covers 9.36% of the query sequence, which is less than expected 30.00% (configurable using 'min seed cover' CLI flag or dataset property). This is likely due to low quality of the provided sequence, or due to using incorrect reference sequence.
17	NC_023763.1 |Mammarenavirus merinoense																																																																																When processing sequence #17 'NC_023763.1 |Mammarenavirus merinoense': When calculating seed matches: Unable to align: seed alignment covers 7.78% of the query sequence, which is less than expected 30.00% (configurable using 'min seed cover' CLI flag or dataset property). This is likely due to low quality of the provided sequence, or due to using incorrect reference sequence.
14	NC_027137.1 |Mammarenavirus okahandjaense																																																																																When processing sequence #14 'NC_027137.1 |Mammarenavirus okahandjaense': When calculating seed matches: Unable to align: seed alignment covers 6.14% of the query sequence, which is less than expected 30.00% (configurable using 'min seed cover' CLI flag or dataset property). This is likely due to low quality of the provided sequence, or due to using incorrect reference sequence.
16	NC_026019.1 |Mammarenavirus wenzhouense																																																																																When processing sequence #16 'NC_026019.1 |Mammarenavirus wenzhouense': When calculating seed matches: Unable to align: seed alignment covers 7.94% of the query sequence, which is less than expected 30.00% (configurable using 'min seed cover' CLI flag or dataset property). This is likely due to low quality of the provided sequence, or due to using incorrect reference sequence.
25	NC_010702.1 |Mammarenavirus tamiamiense																																																																																When processing sequence #25 'NC_010702.1 |Mammarenavirus tamiamiense': When calculating seed matches: Unable to align: seed alignment covers 1.12% of the query sequence, which is less than expected 30.00% (configurable using 'min seed cover' CLI flag or dataset property). This is likely due to low quality of the provided sequence, or due to using incorrect reference sequence.
24	NC_010761.1 |Mammarenavirus paranaense																																																																																When processing sequence #24 'NC_010761.1 |Mammarenavirus paranaense': When calculating seed matches: Unable to align: seed alignment covers 0.56% of the query sequence, which is less than expected 30.00% (configurable using 'min seed cover' CLI flag or dataset property). This is likely due to low quality of the provided sequence, or due to using incorrect reference sequence.
22	NC_010759.1 |Mammarenavirus flexalense																																																																																When processing sequence #22 'NC_010759.1 |Mammarenavirus flexalense': When calculating seed matches: Unable to align: seed alignment covers 1.14% of the query sequence, which is less than expected 30.00% (configurable using 'min seed cover' CLI flag or dataset property). This is likely due to low quality of the provided sequence, or due to using incorrect reference sequence.
19	NC_016153.1 |Mammarenavirus lunaense																																																																																When processing sequence #19 'NC_016153.1 |Mammarenavirus lunaense': When calculating seed matches: Unable to align: seed alignment covers 11.07% of the query sequence, which is less than expected 30.00% (configurable using 'min seed cover' CLI flag or dataset property). This is likely due to low quality of the provided sequence, or due to using incorrect reference sequence.
20	NC_013058.1 |Mammarenavirus mopeiaense																																																																																When processing sequence #20 'NC_013058.1 |Mammarenavirus mopeiaense': When calculating seed matches: Unable to align: seed alignment covers 8.88% of the query sequence, which is less than expected 30.00% (configurable using 'min seed cover' CLI flag or dataset property). This is likely due to low quality of the provided sequence, or due to using incorrect reference sequence.
26	NC_010703.1 |Mammarenavirus whitewaterense																																																																																When processing sequence #26 'NC_010703.1 |Mammarenavirus whitewaterense': When calculating seed matches: Unable to align: seed alignment covers 2.24% of the query sequence, which is less than expected 30.00% (configurable using 'min seed cover' CLI flag or dataset property). This is likely due to low quality of the provided sequence, or due to using incorrect reference sequence.
1	NC_078101.1 |Mammarenavirus lijiangense																																																																																When processing sequence #1 'NC_078101.1 |Mammarenavirus lijiangense': When calculating seed matches: Unable to align: seed alignment was unable to find any matches that are long enough. Only matches of at least 40 nucleotides long are considered (configurable using 'min match length' CLI flag or dataset property). This is likely due to low quality of the provided sequence, or due to using incorrect reference sequence.
28	NC_010249.1 |Mammarenavirus allpahuayoense																																																																																When processing sequence #28 'NC_010249.1 |Mammarenavirus allpahuayoense': When calculating seed matches: Unable to align: seed alignment was unable to find any matches that are long enough. Only matches of at least 40 nucleotides long are considered (configurable using 'min match length' CLI flag or dataset property). This is likely due to low quality of the provided sequence, or due to using incorrect reference sequence.
21	NC_012777.1 |Mammarenavirus lujoense																																																																																When processing sequence #21 'NC_012777.1 |Mammarenavirus lujoense': When calculating seed matches: Unable to align: seed alignment covers 2.23% of the query sequence, which is less than expected 30.00% (configurable using 'min seed cover' CLI flag or dataset property). This is likely due to low quality of the provided sequence, or due to using incorrect reference sequence.
23	NC_010760.1 |Mammarenavirus latinum																																																																																When processing sequence #23 'NC_010760.1 |Mammarenavirus latinum': When calculating seed matches: Unable to align: seed alignment covers 1.12% of the query sequence, which is less than expected 30.00% (configurable using 'min seed cover' CLI flag or dataset property). This is likely due to low quality of the provided sequence, or due to using incorrect reference sequence.
30	NC_010251.1 |Mammarenavirus amapariense																																																																																When processing sequence #30 'NC_010251.1 |Mammarenavirus amapariense': When calculating seed matches: Unable to align: seed alignment was unable to find any matches that are long enough. Only matches of at least 40 nucleotides long are considered (configurable using 'min match length' CLI flag or dataset property). This is likely due to low quality of the provided sequence, or due to using incorrect reference sequence.
33	NC_007904.1 |Mammarenavirus praomyidis																																																																																When processing sequence #33 'NC_007904.1 |Mammarenavirus praomyidis': When calculating seed matches: Unable to align: seed alignment covers 10.44% of the query sequence, which is less than expected 30.00% (configurable using 'min seed cover' CLI flag or dataset property). This is likely due to low quality of the provided sequence, or due to using incorrect reference sequence.
34	NC_007906.1 |Mammarenavirus ippyense																																																																																When processing sequence #34 'NC_007906.1 |Mammarenavirus ippyense': When calculating seed matches: Unable to align: seed alignment covers 7.14% of the query sequence, which is less than expected 30.00% (configurable using 'min seed cover' CLI flag or dataset property). This is likely due to low quality of the provided sequence, or due to using incorrect reference sequence.
27	NC_010563.1 |Mammarenavirus chapareense																																																																																When processing sequence #27 'NC_010563.1 |Mammarenavirus chapareense': When calculating seed matches: Unable to align: seed alignment covers 1.13% of the query sequence, which is less than expected 30.00% (configurable using 'min seed cover' CLI flag or dataset property). This is likely due to low quality of the provided sequence, or due to using incorrect reference sequence.
35	NC_006574.1 |Mammarenavirus mopeiaense																																																																																When processing sequence #35 'NC_006574.1 |Mammarenavirus mopeiaense': When calculating seed matches: Unable to align: seed alignment covers 6.60% of the query sequence, which is less than expected 30.00% (configurable using 'min seed cover' CLI flag or dataset property). This is likely due to low quality of the provided sequence, or due to using incorrect reference sequence.
29	NC_010250.1 |Mammarenavirus oliverosense																																																																																When processing sequence #29 'NC_010250.1 |Mammarenavirus oliverosense': When calculating seed matches: Unable to align: seed alignment was unable to find any matches that are long enough. Only matches of at least 40 nucleotides long are considered (configurable using 'min match length' CLI flag or dataset property). This is likely due to low quality of the provided sequence, or due to using incorrect reference sequence.
31	NC_010252.1 |Mammarenavirus cupixiense																																																																																When processing sequence #31 'NC_010252.1 |Mammarenavirus cupixiense': When calculating seed matches: Unable to align: seed alignment was unable to find any matches that are long enough. Only matches of at least 40 nucleotides long are considered (configurable using 'min match length' CLI flag or dataset property). This is likely due to low quality of the provided sequence, or due to using incorrect reference sequence.
38	NC_005079.1 |Mammarenavirus machupoense																																																																																When processing sequence #38 'NC_005079.1 |Mammarenavirus machupoense': When calculating seed matches: Unable to align: seed alignment was unable to find any matches that are long enough. Only matches of at least 40 nucleotides long are considered (configurable using 'min match length' CLI flag or dataset property). This is likely due to low quality of the provided sequence, or due to using incorrect reference sequence.
32	NC_010255.1 |Mammarenavirus bearense																																																																																When processing sequence #32 'NC_010255.1 |Mammarenavirus bearense': When calculating seed matches: Unable to align: seed alignment covers 0.56% of the query sequence, which is less than expected 30.00% (configurable using 'min seed cover' CLI flag or dataset property). This is likely due to low quality of the provided sequence, or due to using incorrect reference sequence.
39	NC_005080.1 |Mammarenavirus juninense																																																																																When processing sequence #39 'NC_005080.1 |Mammarenavirus juninense': When calculating seed matches: Unable to align: seed alignment covers 1.12% of the query sequence, which is less than expected 30.00% (configurable using 'min seed cover' CLI flag or dataset property). This is likely due to low quality of the provided sequence, or due to using incorrect reference sequence.
40	NC_005082.1 |Mammarenavirus guanaritoense																																																																																When processing sequence #40 'NC_005082.1 |Mammarenavirus guanaritoense': When calculating seed matches: Unable to align: seed alignment covers 0.56% of the query sequence, which is less than expected 30.00% (configurable using 'min seed cover' CLI flag or dataset property). This is likely due to low quality of the provided sequence, or due to using incorrect reference sequence.
37	NC_005897.1 |Mammarenavirus piritalense																																																																																When processing sequence #37 'NC_005897.1 |Mammarenavirus piritalense': When calculating seed matches: Unable to align: seed alignment covers 1.13% of the query sequence, which is less than expected 30.00% (configurable using 'min seed cover' CLI flag or dataset property). This is likely due to low quality of the provided sequence, or due to using incorrect reference sequence.
36	NC_006313.1 |Mammarenavirus brazilense																																																																																When processing sequence #36 'NC_006313.1 |Mammarenavirus brazilense': When calculating seed matches: Unable to align: seed alignment covers 1.68% of the query sequence, which is less than expected 30.00% (configurable using 'min seed cover' CLI flag or dataset property). This is likely due to low quality of the provided sequence, or due to using incorrect reference sequence.
42	NC_004292.1 |Mammarenavirus tacaribeense																																																																																When processing sequence #42 'NC_004292.1 |Mammarenavirus tacaribeense': When calculating seed matches: Unable to align: seed alignment covers 1.13% of the query sequence, which is less than expected 30.00% (configurable using 'min seed cover' CLI flag or dataset property). This is likely due to low quality of the provided sequence, or due to using incorrect reference sequence.
43	NC_004291.1 |Mammarenavirus choriomeningitidis																																																																																When processing sequence #43 'NC_004291.1 |Mammarenavirus choriomeningitidis': When calculating seed matches: Unable to align: seed alignment was unable to find any matches that are long enough. Only matches of at least 40 nucleotides long are considered (configurable using 'min match length' CLI flag or dataset property). This is likely due to low quality of the provided sequence, or due to using incorrect reference sequence.
41	NC_004297.1 |Mammarenavirus lassaense	LIV_V	0	good	0	0	0	0	0	0	0	0	0	0	36395	1	7279	1	L:1,Z:1	false											0	0	0	0				0	0	0	0		NODE_0000055	A26G,T31C,C32T,C35T,G37T,A41G,A42G,T44C,C46T,A47G,C48T,A50C,C51G,A55T,C58T,C59T,A60C,A61T,A63C,C71A,A77G,T89C,A93G,G95A,G96T,T97C,G98A,G99A,G101A,C107T,A110G,G113A,T119C,T125C,C140T,G143A,C158T,T173C,T185C,T186C,A188G,C209T,C215T,T228A,C231T,G233A,G239A,C257T,C263T,C275T,G286A,G287A,G293A,A300G,A303G,C305T,A317T,G321A,T322C,A324G,A325G,C326A,A328C,A331C,A332G,A333G,C337G,C340T,A343G,T344A,A353C,C359T,A364G,C366A,C367T,A369T,A374C,A376G,A378C,C388T,C392A,C393T,G448C,G451A,C455T,A456C,C457A,G462A,C463A,C467T,C478T,A481G,C483T,C484G,T485C,G486A,C487T,T490A,C495T,T497C,C498T,A500G,A501T,T508C,G528A,C538A,G544A,C550T,T555C,C563T,C565T,T566C,T567C,T569C,G580A,G583A,C586G,A607C,A613G,C615T,A616G,T634C,C639T,C645T,T647C,A650T,T651C,G652A,C654A,T656C,A658C,A662G,T663C,C664T,A665G,C667A,T668G,T669C,T671C,C673A,A675G,C676T,A677G,A679G,T703C,C712T,T716C,T717C,A720G,T721C,A727T,A729T,G736A,G737T,A760G,T764G,G765A,A766C,A775C,T787C,C793T,T805C,A808G,C811T,C814T,G823T,G826A,A829G,A832T,G837A,C838T,C839T,G844T,T845C,C850T,A859G,T865C,A879G,T880G,A884G,C885T,C889T,G901A,G913A,A916G,T925C,G936A,T938C,A940T,T943C,C945T,T963C,C973A,C979T,A981G,C997T,G999A,G1009A,C1012G,C1014T,A1018G,A1042G,A1048G,G1051A,G1054A,A1060T,C1066A,A1071G,G1089A,T1096C,G1099A,T1100C,A1111T,A1114G,G1121A,A1123G,C1126T,A1135T,C1138T,A1140G,G1141A,C1148G,T1150C,T1159C,A1165G,A1169G,A1172T,A1174C,A1183G,A1186G,A1192G,T1224C,T1225A,T1226C,A1228G,T1231C,A1234C,T1236C,A1248G,T1258C,G1264A,C1267T,C1273A,T1274G,A1276T,A1279G,G1291A,T1294C,A1297C,G1299A,A1303G,T1309C,G1312A,A1314G,C1321T,T1324A,A1333G,C1339T,G1342A,C1345T,T1355C,T1363C,A1375G,G1384A,A1401G,T1408C,G1411A,T1420C,C1423T,T1428C,C1450T,G1468A,G1473T,T1477A,T1480C,G1482A,T1483C,T1500C,A1501T,A1510G,G1516A,T1522C,A1537T,C1540T,T1546A,T1549C,A1560G,A1567G,G1579A,C1585T,T1588C,T1606A,A1624T,T1636C,C1645T,T1654C,G1658C,G1668A,T1669C,C1675T,C1684T,T1702C,C1708T,A1717T,C1729G,A1741G,C1744T,A1750G,C1753A,G1761A,T1762C,C1765T,A1771G,C1777T,C1783T,C1807T,T1810G,G1813T,T1816C,A1821G,A1825G,A1831G,C1837T,C1846T,T1857C,A1864G,C1876T,A1888G,C1899A,C1903A,T1915C,G1917A,C1918T,C1939T,A1942G,G1945A,A1951G,A1960G,G1963A,C1966T,C1975A,C1978A,T1981C,G1982A,G1983C,T1984C,G1987A,G1988A,T1991G,C1992T,C2005T,A2008G,A2041G,A2044G,G2053A,C2062T,G2064A,A2068G,A2074G,G2077A,C2082T,A2083G,C2091T,C2092T,T2096C,T2097C,T2099C,G2116T,T2118C,A2121G,T2122C,C2128T,C2129T,T2130G,G2134A,C2137T,C2142T,C2143G,A2148T,T2150G,C2151A,C2164T,C2166T,A2167G,A2170T,G2175T,A2176G,G2177A,T2178C,G2179A,T2181C,A2190G,T2191A,T2194C,T2197A,A2200G,G2209A,T2218C,C2230T,T2233C,C2242T,T2251C,C2266T,C2269T,A2287G,G2290A,C2293T,A2296G,C2305T,G2314A,A2325G,G2328A,C2332T,T2335C,C2341T,A2353G,G2356A,C2368T,A2371G,T2386G,G2389A,G2392A,T2398C,A2409G,G2425A,C2437T,C2440T,G2446C,C2455T,G2461A,A2467C,G2475A,A2476G,C2479T,A2489T,T2491C,T2494A,A2496G,T2503C,T2506A,T2529G,T2530C,C2536A,C2542T,T2543C,G2545T,G2551T,T2554G,A2557G,T2560C,C2565T,G2571A,G2572A,T2587C,T2614C,G2617A,A2621T,C2629T,C2632T,C2659A,C2661T,T2668C,C2671T,T2673C,C2680T,T2683C,T2692C,G2695A,C2713T,A2719G,T2734C,A2737G,G2740A,G2745A,A2746T,G2748A,G2761A,A2770T,C2776T,G2781A,G2782A,A2783G,C2786T,C2788T,A2791G,C2797T,A2798T,A2799T,A2803T,C2806T,G2812A,G2817A,T2830A,T2836C,T2842C,T2845C,C2869T,T2875C,C2878T,T2887C,G2902A,G2908A,G2911A,A2917T,A2923G,T2926C,C2935T,A2941C,C2956A,T2960A,T2968A,G2974A,T2977C,T2989C,A2998G,G3007A,A3010G,T3019C,G3022A,G3040A,A3049G,T3052C,A3057T,C3058T,T3061A,T3064C,T3065C,T3090A,G3091A,A3094C,G3103A,T3105A,A3115G,T3124C,G3142A,T3154C,G3157A,C3160A,A3163G,A3166T,C3168T,G3172A,A3175G,G3187A,G3214A,C3232T,A3235T,A3238T,C3241T,G3259T,G3262A,A3265G,C3280T,A3287G,T3288C,A3292G,G3295A,G3310A,T3325C,G3329T,A3330T,G3331A,G3334T,C3335T,T3337C,C3343T,C3349T,A3355G,T3361A,T3367A,T3370C,A3379G,A3384T,A3388C,G3394A,C3403T,C3412T,G3421A,T3427C,G3428A,T3430A,A3432G,C3433T,A3435G,A3448G,T3454C,A3460T,A3484G,G3496A,C3502T,A3505G,C3510T,T3517C,G3520A,A3538G,T3544C,G3547A,A3559G,G3562A,G3565A,G3568C,T3577C,A3580T,G3583A,C3592T,A3598G,G3607A,C3613T,C3619T,T3622C,A3628G,T3634C,A3636G,G3640A,T3643C,C3649T,T3652C,C3655T,C3661T,G3663T,T3664A,C3667T,A3673G,A3682T,T3685A,A3687G,G3694A,C3706T,G3721A,C3724T,C3727T,G3736A,A3742C,C3745T,C3751T,G3754A,G3766A,T3772A,T3775C,C3778T,G3784A,C3790T,A3799G,T3801C,G3802A,T3814C,T3817C,C3820T,A3823G,A3835C,G3837A,G3859A,A3862G,G3883A,G3898A,T3904C,T3907C,A3922T,C3937T,G3940A,T3943C,G3944A,T3952C,A3955G,C3961A,A3964G,T3967C,T3973C,A3984T,A3985G,T3991C,G3997A,T4001G,T4006C,A4015G,A4021G,A4027G,T4030C,G4033A,C4056T,A4060G,C4074A,G4089A,C4093T,G4099A,A4108T,A4117T,A4123G,G4129A,T4135C,C4137G,T4141C,C4144T,T4145C,G4147A,T4148C,G4149T,A4153C,T4155C,G4165A,C4167T,A4171G,T4179C,G4180A,A4186T,T4190C,C4195T,T4201A,A4206G,A4213C,A4225G,G4228A,T4231G,T4243C,A4246G,G4260A,T4264C,G4267A,A4273G,T4275C,C4276A,C4278T,T4279C,A4287G,A4294T,A4306G,C4310T,T4315A,C4318A,A4320G,T4323C,G4331A,A4332G,T4333C,C4334T,T4345C,C4357A,C4363T,T4378C,C4379T,C4381T,T4396A,A4397T,A4399G,C4408T,T4411A,A4414G,T4417C,G4419A,C4423T,A4426G,C4429T,A4432G,T4439C,T4440C,G4441A,A4445G,G4451C,A4453T,C4455T,T4456G,T4457A,T4462C,T4463C,G4464C,A4473G,C4501T,T4507C,A4513G,T4516C,T4519C,A4522G,A4531G,G4533A,T4534C,C4537T,C4540T,A4549G,A4552G,C4555T,T4561G,A4563G,T4567C,T4569A,G4570C,A4573G,T4576C,A4578G,T4588C,G4591A,A4597G,A4603G,G4608A,C4611T,G4618A,C4630T,T4636A,C4648T,A4651C,A4657G,A4677T,A4678G,T4684G,A4687G,A4690G,G4693A,G4696A,C4702G,C4705T,T4709C,C4711T,C4717T,T4721C,T4723C,T4726C,A4735T,G4747A,A4753G,G4759A,G4762A,G4765A,A4768T,G4770A,G4771A,A4772T,G4783A,T4793C,G4798A,T4803C,G4814A,C4815T,C4817G,C4818T,T4828A,C4837T,A4858G,C4882A,A4889G,G4890T,A4891G,G4900A,C4903A,A4904G,C4905T,A4906G,G4915A,T4922C,C4923T,A4926C,T4927C,A4936C,C4954T,T4960C,T4990C,A4996G,A4999G,A5011G,C5014A,T5029C,T5041A,A5050G,T5053C,T5056C,G5062C,C5066G,C5068T,G5077A,T5080C,C5082T,C5083T,G5085A,A5086T,C5088T,C5095T,G5097A,A5104G,A5110G,C5119A,C5128T,G5130A,T5133C,C5134T,T5137C,T5138C,T5158C,G5161A,A5166G,G5167A,G5170A,C5176T,C5178G,C5188T,T5190C,G5203A,A5209G,A5212G,T5215C,C5222G,A5233G,G5239A,C5242T,G5244A,G5245A,C5248T,A5256G,A5257G,A5271G,T5272A,T5276C,G5281A,C5283T,G5285T,T5290C,T5293C,T5294C,A5301G,T5302C,C5306T,A5308G,A5317T,T5325A,G5326A,A5335G,T5336C,C5337T,C5338T,C5340T,G5344T,C5346T,C5347T,C5350T,T5356C,A5374T,G5377A,G5380A,C5383T,G5392A,A5407G,G5410C,C5422T,C5423T,A5425G,G5428A,T5430C,G5434A,A5443G,T5446C,T5449C,A5452G,G5473A,A5478G,A5482T,C5485T,A5489G,C5490T,C5492T,C5493T,T5495C,T5506C,G5515A,C5521T,C5530T,C5533G,C5539T,T5545C,A5548T,T5551G,C5553G,C5554T,T5572C,A5574G,T5575C,A5578T,A5581G,T5587A,G5605C,T5607C,A5614G,A5617G,T5620C,G5622A,A5626G,T5651C,A5655G,C5656T,A5662C,A5666T,G5674C,G5675A,T5676C,A5683G,C5686T,T5687G,G5697C,A5700T,T5702C,G5719T,G5723A,T5724C,T5725A,C5728T,A5731G,T5745C,C5751T,T5752C,G5753A,A5761G,A5763T,A5764G,C5766T,G5768A,A5770G,C5772A,A5773G,T5776C,A5779C,G5785A,C5790T,C5792T,C5793T,T5802C,T5807C,T5809G,T5821C,C5823T,C5824T,C5832T,A5833G,T5842C,G5843A,T5844A,C5851T,A5857G,T5859A,A5860T,C5867T,T5869G,T5881C,G5889A,T5893C,A5899G,G5901A,G5903T,T5904G,G5909A,A5910T,C5911T,T5912C,G5914A,A5917T,C5920T,T5935C,A5939C,T5940C,C5944T,T5949C,T5950G,A5967C,T5971C,G5974A,C5980T,A5982G,C5983T,A5989T,A5995T,G5998T,T6000A,A6001G,A6004G,T6010C,G6015A,A6019C,A6034T,T6043C,T6044A,A6046G,A6051G,T6052C,G6055A,A6064G,C6070T,A6072G,A6074G,T6075C,C6085T,G6112T,C6124T,A6127T,G6133A,C6136T,A6138G,A6139G,C6157A,T6159C,C6166T,T6170C,G6173A,G6175A,C6177T,A6181G,G6182T,A6184T,T6185C,T6186C,T6188C,C6190T,A6193T,C6196A,C6198T,T6199C,C6205A,T6210C,G6211A,C6213T,G6223A,C6226T,A6250G,C6262T,A6265G,C6268T,A6271G,G6274A,A6277G,A6283T,A6284G,G6287A,C6289T,C6294T,A6301G,G6313A,A6315G,G6322A,G6327A,G6328C,T6332C,T6334C,G6337A,T6343C,C6344T,C6346T,C6348A,C6358T,T6376C,T6403C,C6406T,A6409G,A6417G,C6421T,C6436T,G6438A,G6442A,G6445A,T6454C,A6457G,A6464G,G6465A,A6466G,T6474C,T6478C,G6487A,G6490A,A6493G,T6502C,A6504T,A6507G,G6509A,C6514T,T6526C,A6532T,G6534A,C6535T,C6538A,T6541C,T6550G,G6551A,C6553T,C6559T,C6568T,A6571G,G6601A,A6610T,T6616C,C6617T,T6622A,A6624G,A6625T,A6628G,T6634C,G6637A,T6640C,G6649A,A6661G,A6682G,G6703A,G6712T,G6714A,A6724G,T6730C,A6735G,T6745C,A6747G,T6748C,T6751C,C6757T,G6793A,T6796A,G6799A,C6808A,A6822G,A6825G,G6826T,C6829T,A6831G,A6841C,A6846G,T6853A,A6856G,T6859C,C6862G,A6863T,C6864A,A6866C,C6867A,A6868C,C6874T,A6877T,C6880A,G6883T,T6886C,C6892T,G6907A,T6916C,G6937A,A6943G,C6946A,A6955G,G6961A,G6976A,A6979G,A6982G,G6987A,A6988G,C6991T,C7000T,C7006T,A7009T,T7015C,T7021C,T7027C,A7030C,G7036A,T7048C,C7051T,G7057C,G7059A,C7060T,A7066G,T7072C,G7073A,C7075T,G7087T,G7092A,T7103C,C7114T,G7127A,A7128G,T7129C,T7132C,G7133A,G7136T,G7137A,C7139G,G7140A,G7143T,T7145C,G7148A,T7151C,T7152C,T7154C,G7155A,T7157A,G7158A,T7159C,G7160A,A7162G,A7163T,A7169G,A7173G,T7176C,G7178A,T7179C,G7180A,A7181G,A7185G,G7188A,A7190G,A7196G,A7197G,G7200C,T7202C,A7203G,A7206G,A7207G,A7209G,A7212C,A7214G,C7215A,T7219C,A7221C,A7224G,A7226G,T7227G,T7228C,T7238C,T7243A,A7257T		L:Y7C,L:A17V,L:F85L,L:V86W,L:V87Y,L:R169K,L:S191F,L:A205V,L:L207M,L:M217V,L:L220S,L:V259L,L:R260K,L:N264S,L:H265Q,L:F270L,L:E277K,L:A279V,L:V280A,L:D304N,L:I305V,L:E306D,L:E309N,L:D310E,L:K312R,L:N313G,L:T314N,L:A316T,L:T317I,L:E318G,L:M322V,L:I350A,L:Y358H,L:Q360L,L:H363Q,L:I375L,L:S376R,L:N378K,L:S386A,L:K392E,L:I395G,L:S402R,L:K404R,L:S405I,L:T407Q,L:P408S,L:S419N,L:I422F,L:T427L,L:A431T,L:E434K,L:N439S,L:N441D,L:G444K,L:V445I,L:D448E,L:G451C,L:P452L,L:D453N,L:C454S,L:S457L,L:V458I,L:N460D,L:T467V,L:K474R,L:S475T,L:Q476E,L:K479T,L:T483V,L:V486D,L:E491G,L:I506V,L:A524P,L:D543G,L:G544N,L:V545T,L:F547L,L:N565D,L:R567K,L:A593T,L:V595I,L:D596S,L:T600S,L:S606N,L:E610G,L:T613N,L:D614N,L:K616R,L:C634S,L:M645V,L:V649L,L:Y653H,L:K662R,L:K664E,L:E668D,L:A679T,L:V681M,L:C686S,L:D687E,L:L733V,L:E734R,L:V740T,L:L745T,L:E765D,L:G769T,L:A770I,L:N774D,L:K777R,L:F784Y,L:K801R,L:K805R,L:M807I,L:C816S,L:N824K,L:V838I,L:T852S,L:H864Y,L:Q887G,L:Q889L,L:D890K,L:T891S,L:V893A,L:K895G,L:E904D,L:V909D,L:R915K,L:R930K,L:S931L,L:S934G,L:S935P,L:K936N,L:G938D,L:V949I,L:I950V,L:H955Y,L:D970E,L:Y973H,L:E974D,L:D978G,L:N979K,L:K982E,L:D986N,L:N990E,L:H992S,L:K993R,L:E996Q,L:A1017S,L:D1023N,L:K1041T,L:S1047T,L:T1060M,L:N1108D,L:L1154I,L:A1205T,L:T1232M,L:S1247T,L:S1263K,L:S1265K,L:I1279A,L:V1319I,L:T1340S,L:D1343E,L:M1345L,L:K1353R,L:L1356I,L:Y1388F,L:L1442K,L:S1446N,L:L1447P,L:R1484G,L:E1488N,L:F1501Y,L:G1520S,L:K1527R,L:M1532L,L:F1545Y,L:N1648D,L:T1649V,L:Q1650K,L:E1653K,L:D1658S,L:Y1659N,L:V1661I,L:R1665Q,L:N1669E,L:E1675G,L:N1676G,L:G1678S,L:G1681S,L:E1711T,L:A1712V,L:P1714V,L:L1715F,L:E1716D,L:V1742L,L:M1756V,L:T1822S,L:S1855P,L:I1875V,L:Q1882H,L:L1884M,L:I1899V,L:K1923R,L:S1937P,L:E1950A,L:I1963V,L:Q1966R,L:I1967V,L:D1983E,L:F1984Y,L:I1985T,L:I1988M,L:G1992A,L:A2001V,L:N2008S,L:V2037I,L:Q2050H,L:I2054V,L:V2060M,L:D2061E,L:K2062R,L:V2080T,L:D2093G,L:R2095K,L:M2103I,L:M2110I,L:H2120S,L:A2129D,L:F2132I,L:K2136G,L:M2149T,L:K2151R,L:K2152A,L:V2153A,L:M2154A,L:N2156S,L:G2157C,L:M2158E,L:E2159G,L:V2160I,L:G2162S,L:D2170N,L:K2185R,L:K2186G,L:R2187K,L:I2190V,L:F2208T,L:E2209R,L:E2210K,L:E2211D,L:Q2213C,L:V2214I,L:W2219*,Z:K10E,Z:V11S,Z:E12K,Z:S55T,Z:R74K,Z:T79A,Z:T80A,Z:V86T,Z:N87G,Z:E88A,Z:E89A,Z:N90D,Z:T91S,Z:T92I,Z:N93R				24	0	good	0	4	0	good	0	12	-4	0	good	0		0	good	0		0		0	0	good		0	0	good	0				
